Workbook

Sheet Scorecard
A1: SALES PERFORMANCE SCORECARD — MEC · TEMPLATE
A2: Mason E. Cunningham (MEC) · Portfolio Project · Enter data in BLUE cells — all formulas calculate automatically
A4: Team Annual Quota | D4: Team Annual Revenue | G4: Team Attainment | J4: Reps at Quota (100%+)
A5: =SUM(C11:C110) | D5: =SUM(H11:H110) | G5: =IFERROR(SUM(H11:H110)/SUM(C11:C110),0) | J5: =COUNTIF(I11:I110,">="&1)
A9: ← Enter data in columns A–G (Rep, Quota, Q1, Q2, Q3, Q4) | Columns H–L calculate automatically
A11: # | B11: Rep Name | C11: Annual Quota ($) | D11: Q1 ($) | E11: Q2 ($) | F11: Q3 ($) | G11: Q4 ($) | H11: Annual Revenue ($) | I11: Attainment | J11: QoQ Trend (Q3→Q4) | K11: Rank (RANK) | L11: Performance Label (Nested IF)
A12: =IF(B12<>"",ROW()-11,"") | B12: Nadia Okonkwo | C12: 410000 | D12: 116200 | E12: 128400 | F12: 138600 | G12: 152800 | H12: =IF(B12="","",D12+E12+F12+G12) | I12: =IFERROR(IF(B12="","",H12/C12),"") | J12: =IF(B12="","",IF(G12>F12,"▲ "&TEXT((G12-F12)/F12,"0.0%"),"▼ "&TEXT((F12-G12)/F12,"0.0%"))) | K12: =IFERROR(IF(B12="","",RANK(H12,H$12:H$111,0)),"") | L12: =IF(B12="","",IF(I12>=1.2,"⭐ Star Performer",IF(I12>=1,"✅ At Quota",IF(I12>=0.8,"⚠️ Needs Improvement","🔴 At Risk"))))
A13: =IF(B13<>"",ROW()-11,"") | B13: Priya Patel | C13: 410000 | D13: 104800 | E13: 118600 | F13: 128400 | G13: 142200 | H13: =IF(B13="","",D13+E13+F13+G13) | I13: =IFERROR(IF(B13="","",H13/C13),"") | J13: =IF(B13="","",IF(G13>F13,"▲ "&TEXT((G13-F13)/F13,"0.0%"),"▼ "&TEXT((F13-G13)/F13,"0.0%"))) | K13: =IFERROR(IF(B13="","",RANK(H13,H$12:H$111,0)),"") | L13: =IF(B13="","",IF(I13>=1.2,"⭐ Star Performer",IF(I13>=1,"✅ At Quota",IF(I13>=0.8,"⚠️ Needs Improvement","🔴 At Risk"))))
A14: =IF(B14<>"",ROW()-11,"") | B14: Jordan Kim | C14: 420000 | D14: 98400 | E14: 114200 | F14: 122800 | G14: 131600 | H14: =IF(B14="","",D14+E14+F14+G14) | I14: =IFERROR(IF(B14="","",H14/C14),"") | J14: =IF(B14="","",IF(G14>F14,"▲ "&TEXT((G14-F14)/F14,"0.0%"),"▼ "&TEXT((F14-G14)/F14,"0.0%"))) | K14: =IFERROR(IF(B14="","",RANK(H14,H$12:H$111,0)),"") | L14: =IF(B14="","",IF(I14>=1.2,"⭐ Star Performer",IF(I14>=1,"✅ At Quota",IF(I14>=0.8,"⚠️ Needs Improvement","🔴 At Risk"))))
A15: =IF(B15<>"",ROW()-11,"") | B15: Samantha Lee | C15: 420000 | D15: 92600 | E15: 106800 | F15: 114200 | G15: 122400 | H15: =IF(B15="","",D15+E15+F15+G15) | I15: =IFERROR(IF(B15="","",H15/C15),"") | J15: =IF(B15="","",IF(G15>F15,"▲ "&TEXT((G15-F15)/F15,"0.0%"),"▼ "&TEXT((F15-G15)/F15,"0.0%"))) | K15: =IFERROR(IF(B15="","",RANK(H15,H$12:H$111,0)),"") | L15: =IF(B15="","",IF(I15>=1.2,"⭐ Star Performer",IF(I15>=1,"✅ At Quota",IF(I15>=0.8,"⚠️ Needs Improvement","🔴 At Risk"))))
A16: =IF(B16<>"",ROW()-11,"") | B16: Alexis Chen | C16: 400000 | D16: 88200 | E16: 102400 | F16: 118600 | G16: 109800 | H16: =IF(B16="","",D16+E16+F16+G16) | I16: =IFERROR(IF(B16="","",H16/C16),"") | J16: =IF(B16="","",IF(G16>F16,"▲ "&TEXT((G16-F16)/F16,"0.0%"),"▼ "&TEXT((F16-G16)/F16,"0.0%"))) | K16: =IFERROR(IF(B16="","",RANK(H16,H$12:H$111,0)),"") | L16: =IF(B16="","",IF(I16>=1.2,"⭐ Star Performer",IF(I16>=1,"✅ At Quota",IF(I16>=0.8,"⚠️ Needs Improvement","🔴 At Risk"))))
A17: =IF(B17<>"",ROW()-11,"") | B17: Marcus Webb | C17: 390000 | D17: 72100 | E17: 89300 | F17: 96400 | G17: 104200 | H17: =IF(B17="","",D17+E17+F17+G17) | I17: =IFERROR(IF(B17="","",H17/C17),"") | J17: =IF(B17="","",IF(G17>F17,"▲ "&TEXT((G17-F17)/F17,"0.0%"),"▼ "&TEXT((F17-G17)/F17,"0.0%"))) | K17: =IFERROR(IF(B17="","",RANK(H17,H$12:H$111,0)),"") | L17: =IF(B17="","",IF(I17>=1.2,"⭐ Star Performer",IF(I17>=1,"✅ At Quota",IF(I17>=0.8,"⚠️ Needs Improvement","🔴 At Risk"))))
A18: =IF(B18<>"",ROW()-11,"") | B18: Devon Ross | C18: 380000 | D18: 62400 | E18: 71200 | F18: 68800 | G18: 74100 | H18: =IF(B18="","",D18+E18+F18+G18) | I18: =IFERROR(IF(B18="","",H18/C18),"") | J18: =IF(B18="","",IF(G18>F18,"▲ "&TEXT((G18-F18)/F18,"0.0%"),"▼ "&TEXT((F18-G18)/F18,"0.0%"))) | K18: =IFERROR(IF(B18="","",RANK(H18,H$12:H$111,0)),"") | L18: =IF(B18="","",IF(I18>=1.2,"⭐ Star Performer",IF(I18>=1,"✅ At Quota",IF(I18>=0.8,"⚠️ Needs Improvement","🔴 At Risk"))))
A19: =IF(B19<>"",ROW()-11,"") | B19: Tyler Brooks | C19: 370000 | D19: 48200 | E19: 56400 | F19: 61800 | G19: 67200 | H19: =IF(B19="","",D19+E19+F19+G19) | I19: =IFERROR(IF(B19="","",H19/C19),"") | J19: =IF(B19="","",IF(G19>F19,"▲ "&TEXT((G19-F19)/F19,"0.0%"),"▼ "&TEXT((F19-G19)/F19,"0.0%"))) | K19: =IFERROR(IF(B19="","",RANK(H19,H$12:H$111,0)),"") | L19: =IF(B19="","",IF(I19>=1.2,"⭐ Star Performer",IF(I19>=1,"✅ At Quota",IF(I19>=0.8,"⚠️ Needs Improvement","🔴 At Risk"))))
A20: =IF(B20<>"",ROW()-11,"") | H20: =IF(B20="","",D20+E20+F20+G20) | I20: =IFERROR(IF(B20="","",H20/C20),"") | J20: =IF(B20="","",IF(G20>F20,"▲ "&TEXT((G20-F20)/F20,"0.0%"),"▼ "&TEXT((F20-G20)/F20,"0.0%"))) | K20: =IFERROR(IF(B20="","",RANK(H20,H$12:H$111,0)),"") | L20: =IF(B20="","",IF(I20>=1.2,"⭐ Star Performer",IF(I20>=1,"✅ At Quota",IF(I20>=0.8,"⚠️ Needs Improvement","🔴 At Risk"))))
A21: =IF(B21<>"",ROW()-11,"") | H21: =IF(B21="","",D21+E21+F21+G21) | I21: =IFERROR(IF(B21="","",H21/C21),"") | J21: =IF(B21="","",IF(G21>F21,"▲ "&TEXT((G21-F21)/F21,"0.0%"),"▼ "&TEXT((F21-G21)/F21,"0.0%"))) | K21: =IFERROR(IF(B21="","",RANK(H21,H$12:H$111,0)),"") | L21: =IF(B21="","",IF(I21>=1.2,"⭐ Star Performer",IF(I21>=1,"✅ At Quota",IF(I21>=0.8,"⚠️ Needs Improvement","🔴 At Risk"))))
A22: =IF(B22<>"",ROW()-11,"") | H22: =IF(B22="","",D22+E22+F22+G22) | I22: =IFERROR(IF(B22="","",H22/C22),"") | J22: =IF(B22="","",IF(G22>F22,"▲ "&TEXT((G22-F22)/F22,"0.0%"),"▼ "&TEXT((F22-G22)/F22,"0.0%"))) | K22: =IFERROR(IF(B22="","",RANK(H22,H$12:H$111,0)),"") | L22: =IF(B22="","",IF(I22>=1.2,"⭐ Star Performer",IF(I22>=1,"✅ At Quota",IF(I22>=0.8,"⚠️ Needs Improvement","🔴 At Risk"))))
A23: =IF(B23<>"",ROW()-11,"") | H23: =IF(B23="","",D23+E23+F23+G23) | I23: =IFERROR(IF(B23="","",H23/C23),"") | J23: =IF(B23="","",IF(G23>F23,"▲ "&TEXT((G23-F23)/F23,"0.0%"),"▼ "&TEXT((F23-G23)/F23,"0.0%"))) | K23: =IFERROR(IF(B23="","",RANK(H23,H$12:H$111,0)),"") | L23: =IF(B23="","",IF(I23>=1.2,"⭐ Star Performer",IF(I23>=1,"✅ At Quota",IF(I23>=0.8,"⚠️ Needs Improvement","🔴 At Risk"))))
A24: =IF(B24<>"",ROW()-11,"") | H24: =IF(B24="","",D24+E24+F24+G24) | I24: =IFERROR(IF(B24="","",H24/C24),"") | J24: =IF(B24="","",IF(G24>F24,"▲ "&TEXT((G24-F24)/F24,"0.0%"),"▼ "&TEXT((F24-G24)/F24,"0.0%"))) | K24: =IFERROR(IF(B24="","",RANK(H24,H$12:H$111,0)),"") | L24: =IF(B24="","",IF(I24>=1.2,"⭐ Star Performer",IF(I24>=1,"✅ At Quota",IF(I24>=0.8,"⚠️ Needs Improvement","🔴 At Risk"))))
A25: =IF(B25<>"",ROW()-11,"") | H25: =IF(B25="","",D25+E25+F25+G25) | I25: =IFERROR(IF(B25="","",H25/C25),"") | J25: =IF(B25="","",IF(G25>F25,"▲ "&TEXT((G25-F25)/F25,"0.0%"),"▼ "&TEXT((F25-G25)/F25,"0.0%"))) | K25: =IFERROR(IF(B25="","",RANK(H25,H$12:H$111,0)),"") | L25: =IF(B25="","",IF(I25>=1.2,"⭐ Star Performer",IF(I25>=1,"✅ At Quota",IF(I25>=0.8,"⚠️ Needs Improvement","🔴 At Risk"))))
A26: =IF(B26<>"",ROW()-11,"") | H26: =IF(B26="","",D26+E26+F26+G26) | I26: =IFERROR(IF(B26="","",H26/C26),"") | J26: =IF(B26="","",IF(G26>F26,"▲ "&TEXT((G26-F26)/F26,"0.0%"),"▼ "&TEXT((F26-G26)/F26,"0.0%"))) | K26: =IFERROR(IF(B26="","",RANK(H26,H$12:H$111,0)),"") | L26: =IF(B26="","",IF(I26>=1.2,"⭐ Star Performer",IF(I26>=1,"✅ At Quota",IF(I26>=0.8,"⚠️ Needs Improvement","🔴 At Risk"))))
A27: =IF(B27<>"",ROW()-11,"") | H27: =IF(B27="","",D27+E27+F27+G27) | I27: =IFERROR(IF(B27="","",H27/C27),"") | J27: =IF(B27="","",IF(G27>F27,"▲ "&TEXT((G27-F27)/F27,"0.0%"),"▼ "&TEXT((F27-G27)/F27,"0.0%"))) | K27: =IFERROR(IF(B27="","",RANK(H27,H$12:H$111,0)),"") | L27: =IF(B27="","",IF(I27>=1.2,"⭐ Star Performer",IF(I27>=1,"✅ At Quota",IF(I27>=0.8,"⚠️ Needs Improvement","🔴 At Risk"))))
A28: =IF(B28<>"",ROW()-11,"") | H28: =IF(B28="","",D28+E28+F28+G28) | I28: =IFERROR(IF(B28="","",H28/C28),"") | J28: =IF(B28="","",IF(G28>F28,"▲ "&TEXT((G28-F28)/F28,"0.0%"),"▼ "&TEXT((F28-G28)/F28,"0.0%"))) | K28: =IFERROR(IF(B28="","",RANK(H28,H$12:H$111,0)),"") | L28: =IF(B28="","",IF(I28>=1.2,"⭐ Star Performer",IF(I28>=1,"✅ At Quota",IF(I28>=0.8,"⚠️ Needs Improvement","🔴 At Risk"))))
A29: =IF(B29<>"",ROW()-11,"") | H29: =IF(B29="","",D29+E29+F29+G29) | I29: =IFERROR(IF(B29="","",H29/C29),"") | J29: =IF(B29="","",IF(G29>F29,"▲ "&TEXT((G29-F29)/F29,"0.0%"),"▼ "&TEXT((F29-G29)/F29,"0.0%"))) | K29: =IFERROR(IF(B29="","",RANK(H29,H$12:H$111,0)),"") | L29: =IF(B29="","",IF(I29>=1.2,"⭐ Star Performer",IF(I29>=1,"✅ At Quota",IF(I29>=0.8,"⚠️ Needs Improvement","🔴 At Risk"))))
A30: =IF(B30<>"",ROW()-11,"") | H30: =IF(B30="","",D30+E30+F30+G30) | I30: =IFERROR(IF(B30="","",H30/C30),"") | J30: =IF(B30="","",IF(G30>F30,"▲ "&TEXT((G30-F30)/F30,"0.0%"),"▼ "&TEXT((F30-G30)/F30,"0.0%"))) | K30: =IFERROR(IF(B30="","",RANK(H30,H$12:H$111,0)),"") | L30: =IF(B30="","",IF(I30>=1.2,"⭐ Star Performer",IF(I30>=1,"✅ At Quota",IF(I30>=0.8,"⚠️ Needs Improvement","🔴 At Risk"))))
A31: =IF(B31<>"",ROW()-11,"") | H31: =IF(B31="","",D31+E31+F31+G31) | I31: =IFERROR(IF(B31="","",H31/C31),"") | J31: =IF(B31="","",IF(G31>F31,"▲ "&TEXT((G31-F31)/F31,"0.0%"),"▼ "&TEXT((F31-G31)/F31,"0.0%"))) | K31: =IFERROR(IF(B31="","",RANK(H31,H$12:H$111,0)),"") | L31: =IF(B31="","",IF(I31>=1.2,"⭐ Star Performer",IF(I31>=1,"✅ At Quota",IF(I31>=0.8,"⚠️ Needs Improvement","🔴 At Risk"))))
... A111: =IF(B111<>"",ROW()-11,"") | H111: =IF(B111="","",D111+E111+F111+G111) | I111: =IFERROR(IF(B111="","",H111/C111),"") | J111: =IF(B111="","",IF(G111>F111,"▲ "&TEXT((G111-F111)/F111,"0.0%"),"▼ "&TEXT((F111-G111)/F111,"0.0%"))) | K111: =IFERROR(IF(B111="","",RANK(H111,H$12:H$111,0)),"") | L111: =IF(B111="","",IF(I111>=1.2,"⭐ Star Performer",IF(I111>=1,"✅ At Quota",IF(I111>=0.8,"⚠️ Needs Improvement","🔴 At Risk"))))

Sheet Quarterly Trend
A1: QUARTERLY REVENUE TREND
A2: Auto-calculates from Scorecard tab — add reps there first
A4: Rep Name | B4: Q1 ($) | C4: Q2 ($) | D4: Q3 ($) | E4: Q4 ($) | F4: Annual Total | G4: Best Quarter
A5: =Scorecard!B12 | B5: =Scorecard!D12 | C5: =Scorecard!E12 | D5: =Scorecard!F12 | E5: =Scorecard!G12 | F5: =Scorecard!H12 | G5: =IF(AND(Scorecard!D12="",Scorecard!E12=""),"",IF(MAX(Scorecard!D12,Scorecard!E12,Scorecard!F12,Scorecard!G12)=Scorecard!D12,"Q1",IF(MAX(Scorecard!D12,Scorecard!E12,Scorecard!F12,Scorecard!G12)=Scorecard!E12,"Q2",IF(MAX(Scorecard!D12,Scorecard!E12,Scorecard!F12,Scorecard!G12)=Scorecard!F12,"Q3","Q4"))))
A6: =Scorecard!B13 | B6: =Scorecard!D13 | C6: =Scorecard!E13 | D6: =Scorecard!F13 | E6: =Scorecard!G13 | F6: =Scorecard!H13 | G6: =IF(AND(Scorecard!D13="",Scorecard!E13=""),"",IF(MAX(Scorecard!D13,Scorecard!E13,Scorecard!F13,Scorecard!G13)=Scorecard!D13,"Q1",IF(MAX(Scorecard!D13,Scorecard!E13,Scorecard!F13,Scorecard!G13)=Scorecard!E13,"Q2",IF(MAX(Scorecard!D13,Scorecard!E13,Scorecard!F13,Scorecard!G13)=Scorecard!F13,"Q3","Q4"))))
A7: =Scorecard!B14 | B7: =Scorecard!D14 | C7: =Scorecard!E14 | D7: =Scorecard!F14 | E7: =Scorecard!G14 | F7: =Scorecard!H14 | G7: =IF(AND(Scorecard!D14="",Scorecard!E14=""),"",IF(MAX(Scorecard!D14,Scorecard!E14,Scorecard!F14,Scorecard!G14)=Scorecard!D14,"Q1",IF(MAX(Scorecard!D14,Scorecard!E14,Scorecard!F14,Scorecard!G14)=Scorecard!E14,"Q2",IF(MAX(Scorecard!D14,Scorecard!E14,Scorecard!F14,Scorecard!G14)=Scorecard!F14,"Q3","Q4"))))
A8: =Scorecard!B15 | B8: =Scorecard!D15 | C8: =Scorecard!E15 | D8: =Scorecard!F15 | E8: =Scorecard!G15 | F8: =Scorecard!H15 | G8: =IF(AND(Scorecard!D15="",Scorecard!E15=""),"",IF(MAX(Scorecard!D15,Scorecard!E15,Scorecard!F15,Scorecard!G15)=Scorecard!D15,"Q1",IF(MAX(Scorecard!D15,Scorecard!E15,Scorecard!F15,Scorecard!G15)=Scorecard!E15,"Q2",IF(MAX(Scorecard!D15,Scorecard!E15,Scorecard!F15,Scorecard!G15)=Scorecard!F15,"Q3","Q4"))))
A9: =Scorecard!B16 | B9: =Scorecard!D16 | C9: =Scorecard!E16 | D9: =Scorecard!F16 | E9: =Scorecard!G16 | F9: =Scorecard!H16 | G9: =IF(AND(Scorecard!D16="",Scorecard!E16=""),"",IF(MAX(Scorecard!D16,Scorecard!E16,Scorecard!F16,Scorecard!G16)=Scorecard!D16,"Q1",IF(MAX(Scorecard!D16,Scorecard!E16,Scorecard!F16,Scorecard!G16)=Scorecard!E16,"Q2",IF(MAX(Scorecard!D16,Scorecard!E16,Scorecard!F16,Scorecard!G16)=Scorecard!F16,"Q3","Q4"))))
A10: =Scorecard!B17 | B10: =Scorecard!D17 | C10: =Scorecard!E17 | D10: =Scorecard!F17 | E10: =Scorecard!G17 | F10: =Scorecard!H17 | G10: =IF(AND(Scorecard!D17="",Scorecard!E17=""),"",IF(MAX(Scorecard!D17,Scorecard!E17,Scorecard!F17,Scorecard!G17)=Scorecard!D17,"Q1",IF(MAX(Scorecard!D17,Scorecard!E17,Scorecard!F17,Scorecard!G17)=Scorecard!E17,"Q2",IF(MAX(Scorecard!D17,Scorecard!E17,Scorecard!F17,Scorecard!G17)=Scorecard!F17,"Q3","Q4"))))
A11: =Scorecard!B18 | B11: =Scorecard!D18 | C11: =Scorecard!E18 | D11: =Scorecard!F18 | E11: =Scorecard!G18 | F11: =Scorecard!H18 | G11: =IF(AND(Scorecard!D18="",Scorecard!E18=""),"",IF(MAX(Scorecard!D18,Scorecard!E18,Scorecard!F18,Scorecard!G18)=Scorecard!D18,"Q1",IF(MAX(Scorecard!D18,Scorecard!E18,Scorecard!F18,Scorecard!G18)=Scorecard!E18,"Q2",IF(MAX(Scorecard!D18,Scorecard!E18,Scorecard!F18,Scorecard!G18)=Scorecard!F18,"Q3","Q4"))))
A12: =Scorecard!B19 | B12: =Scorecard!D19 | C12: =Scorecard!E19 | D12: =Scorecard!F19 | E12: =Scorecard!G19 | F12: =Scorecard!H19 | G12: =IF(AND(Scorecard!D19="",Scorecard!E19=""),"",IF(MAX(Scorecard!D19,Scorecard!E19,Scorecard!F19,Scorecard!G19)=Scorecard!D19,"Q1",IF(MAX(Scorecard!D19,Scorecard!E19,Scorecard!F19,Scorecard!G19)=Scorecard!E19,"Q2",IF(MAX(Scorecard!D19,Scorecard!E19,Scorecard!F19,Scorecard!G19)=Scorecard!F19,"Q3","Q4"))))
A13: TEAM TOTAL | B13: =SUM(B5:B12) | C13: =SUM(C5:C12) | D13: =SUM(D5:D12) | E13: =SUM(E5:E12) | F13: =SUM(F5:F12)
