Workbook

Sheet Pipeline Tracker
A1: LEAD & PIPELINE REPORT — MEC · TEMPLATE
A2: Mason E. Cunningham (MEC) · Portfolio Project · Enter data in BLUE cells — formulas update automatically
A4: Total Pipeline Value | C4: Total Active Leads | E4: Avg Deal Size | G4: Closed-Won Value | I4: High Priority Leads
A5: =SUMIF(D11:D110,"<>Closed-Lost",F11:F110) | C5: =COUNTIF(B11:B110,"<>") | E5: =IFERROR(AVERAGE(F11:F110),0) | G5: =SUMIF(D11:D110,"Closed-Won",F11:F110) | I5: =COUNTIF(H11:H110,"High")
A9: ← Enter data in columns A–H | Columns I–J calculate automatically
A11: # | B11: Company | C11: Sales Rep | D11: Stage | E11: Close Date | F11: Deal Value ($) | G11: Days in Stage | H11: Priority | I11: Source | J11: Rep Deal Count (COUNTIF)
A12: =IF(B12<>"",ROW()-11,"") | B12: Acme Corp | C12: Jordan Kim | D12: Prospecting | E12: 2026-05-15 | F12: 18000 | G12: 5 | H12: High | I12: Inbound | J12: =IF(B12="","",COUNTIF(C$12:C$111,C12))
A13: =IF(B13<>"",ROW()-11,"") | B13: Bluestone Inc | C13: Priya Patel | D13: Closed-Won | E13: 2026-04-10 | F13: 45000 | G13: 22 | H13: Low | I13: Referral | J13: =IF(B13="","",COUNTIF(C$12:C$111,C13))
A14: =IF(B14<>"",ROW()-11,"") | B14: Crestview LLC | C14: Alexis Chen | D14: Demo Scheduled | E14: 2026-05-20 | F14: 29000 | G14: 12 | H14: Medium | I14: Outbound | J14: =IF(B14="","",COUNTIF(C$12:C$111,C14))
A15: =IF(B15<>"",ROW()-11,"") | B15: Delta Systems | C15: Marcus Webb | D15: Proposal Sent | E15: 2026-04-28 | F15: 62000 | G15: 31 | H15: High | I15: Event | J15: =IF(B15="","",COUNTIF(C$12:C$111,C15))
A16: =IF(B16<>"",ROW()-11,"") | B16: Evergreen Co | C16: Nadia Okonkwo | D16: Negotiation | E16: 2026-05-05 | F16: 78000 | G16: 8 | H16: High | I16: Referral | J16: =IF(B16="","",COUNTIF(C$12:C$111,C16))
A17: =IF(B17<>"",ROW()-11,"") | B17: Frontier Tech | C17: Jordan Kim | D17: Qualification | E17: 2026-05-22 | F17: 22000 | G17: 14 | H17: Medium | I17: Inbound | J17: =IF(B17="","",COUNTIF(C$12:C$111,C17))
A18: =IF(B18<>"",ROW()-11,"") | B18: Granite Solutions | C18: Samantha Lee | D18: Closed-Won | E18: 2026-04-02 | F18: 33000 | G18: 28 | H18: Low | I18: Partner | J18: =IF(B18="","",COUNTIF(C$12:C$111,C18))
A19: =IF(B19<>"",ROW()-11,"") | B19: Horizon Group | C19: Devon Ross | D19: Prospecting | E19: 2026-05-30 | F19: 15000 | G19: 3 | H19: Low | I19: Outbound | J19: =IF(B19="","",COUNTIF(C$12:C$111,C19))
A20: =IF(B20<>"",ROW()-11,"") | B20: Ironclad Ltd | C20: Priya Patel | D20: Proposal Sent | E20: 2026-04-18 | F20: 54000 | G20: 19 | H20: Medium | I20: Inbound | J20: =IF(B20="","",COUNTIF(C$12:C$111,C20))
A21: =IF(B21<>"",ROW()-11,"") | B21: Jetstream | C21: Tyler Brooks | D21: Closed-Lost | E21: 2026-03-15 | F21: 41000 | G21: 45 | H21: Low | I21: Event | J21: =IF(B21="","",COUNTIF(C$12:C$111,C21))
A22: =IF(B22<>"",ROW()-11,"") | B22: Keystone Partners | C22: Alexis Chen | D22: Demo Scheduled | E22: 2026-05-12 | F22: 27000 | G22: 7 | H22: Medium | I22: Referral | J22: =IF(B22="","",COUNTIF(C$12:C$111,C22))
A23: =IF(B23<>"",ROW()-11,"") | B23: Landmark Corp | C23: Nadia Okonkwo | D23: Closed-Won | E23: 2026-04-22 | F23: 88000 | G23: 15 | H23: Low | I23: Inbound | J23: =IF(B23="","",COUNTIF(C$12:C$111,C23))
... A36: =IF(B36<>"",ROW()-11,"") | B36: Yellowstone Co | C36: Tyler Brooks | D36: Negotiation | E36: 2026-05-10 | F36: 53000 | G36: 13 | H36: High | I36: Referral | J36: =IF(B36="","",COUNTIF(C$12:C$111,C36))
A37: =IF(B37<>"",ROW()-11,"") | J37: =IF(B37="","",COUNTIF(C$12:C$111,C37))
A38: =IF(B38<>"",ROW()-11,"") | J38: =IF(B38="","",COUNTIF(C$12:C$111,C38))
A39: =IF(B39<>"",ROW()-11,"") | J39: =IF(B39="","",COUNTIF(C$12:C$111,C39))
A40: =IF(B40<>"",ROW()-11,"") | J40: =IF(B40="","",COUNTIF(C$12:C$111,C40))
A41: =IF(B41<>"",ROW()-11,"") | J41: =IF(B41="","",COUNTIF(C$12:C$111,C41))
A42: =IF(B42<>"",ROW()-11,"") | J42: =IF(B42="","",COUNTIF(C$12:C$111,C42))
A43: =IF(B43<>"",ROW()-11,"") | J43: =IF(B43="","",COUNTIF(C$12:C$111,C43))
A44: =IF(B44<>"",ROW()-11,"") | J44: =IF(B44="","",COUNTIF(C$12:C$111,C44))
A45: =IF(B45<>"",ROW()-11,"") | J45: =IF(B45="","",COUNTIF(C$12:C$111,C45))
A46: =IF(B46<>"",ROW()-11,"") | J46: =IF(B46="","",COUNTIF(C$12:C$111,C46))
A47: =IF(B47<>"",ROW()-11,"") | J47: =IF(B47="","",COUNTIF(C$12:C$111,C47))
A48: =IF(B48<>"",ROW()-11,"") | J48: =IF(B48="","",COUNTIF(C$12:C$111,C48))
... A111: =IF(B111<>"",ROW()-11,"") | J111: =IF(B111="","",COUNTIF(C$12:C$111,C111))

Sheet Stage Summary
A1: STAGE SUMMARY — COUNTIF / SUMIF
A2: Auto-updates when you add data to Pipeline Tracker tab
A4: Pipeline Stage | B4: Count (COUNTIF) | C4: Total Value (SUMIF) | D4: Avg Deal Size | E4: % of Pipeline | F4: Conv. Rate
A5: Prospecting | B5: =COUNTIF('Pipeline Tracker'!D$12:D$111,A5) | C5: =SUMIF('Pipeline Tracker'!D$12:D$111,A5,'Pipeline Tracker'!F$12:F$111) | D5: =IFERROR(C5/B5,0) | E5: =IFERROR(C5/SUM(C$5:C$11),0) | F5: 18%
A6: Qualification | B6: =COUNTIF('Pipeline Tracker'!D$12:D$111,A6) | C6: =SUMIF('Pipeline Tracker'!D$12:D$111,A6,'Pipeline Tracker'!F$12:F$111) | D6: =IFERROR(C6/B6,0) | E6: =IFERROR(C6/SUM(C$5:C$11),0) | F6: 42%
A7: Demo Scheduled | B7: =COUNTIF('Pipeline Tracker'!D$12:D$111,A7) | C7: =SUMIF('Pipeline Tracker'!D$12:D$111,A7,'Pipeline Tracker'!F$12:F$111) | D7: =IFERROR(C7/B7,0) | E7: =IFERROR(C7/SUM(C$5:C$11),0) | F7: 61%
A8: Proposal Sent | B8: =COUNTIF('Pipeline Tracker'!D$12:D$111,A8) | C8: =SUMIF('Pipeline Tracker'!D$12:D$111,A8,'Pipeline Tracker'!F$12:F$111) | D8: =IFERROR(C8/B8,0) | E8: =IFERROR(C8/SUM(C$5:C$11),0) | F8: 74%
A9: Negotiation | B9: =COUNTIF('Pipeline Tracker'!D$12:D$111,A9) | C9: =SUMIF('Pipeline Tracker'!D$12:D$111,A9,'Pipeline Tracker'!F$12:F$111) | D9: =IFERROR(C9/B9,0) | E9: =IFERROR(C9/SUM(C$5:C$11),0) | F9: 88%
A10: Closed-Won | B10: =COUNTIF('Pipeline Tracker'!D$12:D$111,A10) | C10: =SUMIF('Pipeline Tracker'!D$12:D$111,A10,'Pipeline Tracker'!F$12:F$111) | D10: =IFERROR(C10/B10,0) | E10: =IFERROR(C10/SUM(C$5:C$11),0) | F10: 100%
A11: Closed-Lost | B11: =COUNTIF('Pipeline Tracker'!D$12:D$111,A11) | C11: =SUMIF('Pipeline Tracker'!D$12:D$111,A11,'Pipeline Tracker'!F$12:F$111) | D11: =IFERROR(C11/B11,0) | E11: =IFERROR(C11/SUM(C$5:C$11),0) | F11: 0%

Sheet Rep Leaderboard
A1: REP LEADERBOARD — SUMIF / RANK
A2: Auto-updates from Pipeline Tracker tab
A4: Rep Name | B4: Total Deals (COUNTIF) | C4: Closed-Won Value (SUMIF) | D4: Win Rate | E4: Rank (RANK)
A5: Alexis Chen | B5: =COUNTIF('Pipeline Tracker'!C$12:C$111,A5) | C5: =SUMIFS('Pipeline Tracker'!F$12:F$111,'Pipeline Tracker'!C$12:C$111,A5,'Pipeline Tracker'!D$12:D$111,"Closed-Won") | D5: =IFERROR(C5/SUMIF('Pipeline Tracker'!C$12:C$111,A5,'Pipeline Tracker'!F$12:F$111),0) | E5: =IFERROR(RANK(C5,C$5:C$12,0),"")
A6: Devon Ross | B6: =COUNTIF('Pipeline Tracker'!C$12:C$111,A6) | C6: =SUMIFS('Pipeline Tracker'!F$12:F$111,'Pipeline Tracker'!C$12:C$111,A6,'Pipeline Tracker'!D$12:D$111,"Closed-Won") | D6: =IFERROR(C6/SUMIF('Pipeline Tracker'!C$12:C$111,A6,'Pipeline Tracker'!F$12:F$111),0) | E6: =IFERROR(RANK(C6,C$5:C$12,0),"")
A7: Jordan Kim | B7: =COUNTIF('Pipeline Tracker'!C$12:C$111,A7) | C7: =SUMIFS('Pipeline Tracker'!F$12:F$111,'Pipeline Tracker'!C$12:C$111,A7,'Pipeline Tracker'!D$12:D$111,"Closed-Won") | D7: =IFERROR(C7/SUMIF('Pipeline Tracker'!C$12:C$111,A7,'Pipeline Tracker'!F$12:F$111),0) | E7: =IFERROR(RANK(C7,C$5:C$12,0),"")
A8: Marcus Webb | B8: =COUNTIF('Pipeline Tracker'!C$12:C$111,A8) | C8: =SUMIFS('Pipeline Tracker'!F$12:F$111,'Pipeline Tracker'!C$12:C$111,A8,'Pipeline Tracker'!D$12:D$111,"Closed-Won") | D8: =IFERROR(C8/SUMIF('Pipeline Tracker'!C$12:C$111,A8,'Pipeline Tracker'!F$12:F$111),0) | E8: =IFERROR(RANK(C8,C$5:C$12,0),"")
A9: Nadia Okonkwo | B9: =COUNTIF('Pipeline Tracker'!C$12:C$111,A9) | C9: =SUMIFS('Pipeline Tracker'!F$12:F$111,'Pipeline Tracker'!C$12:C$111,A9,'Pipeline Tracker'!D$12:D$111,"Closed-Won") | D9: =IFERROR(C9/SUMIF('Pipeline Tracker'!C$12:C$111,A9,'Pipeline Tracker'!F$12:F$111),0) | E9: =IFERROR(RANK(C9,C$5:C$12,0),"")
A10: Priya Patel | B10: =COUNTIF('Pipeline Tracker'!C$12:C$111,A10) | C10: =SUMIFS('Pipeline Tracker'!F$12:F$111,'Pipeline Tracker'!C$12:C$111,A10,'Pipeline Tracker'!D$12:D$111,"Closed-Won") | D10: =IFERROR(C10/SUMIF('Pipeline Tracker'!C$12:C$111,A10,'Pipeline Tracker'!F$12:F$111),0) | E10: =IFERROR(RANK(C10,C$5:C$12,0),"")
A11: Samantha Lee | B11: =COUNTIF('Pipeline Tracker'!C$12:C$111,A11) | C11: =SUMIFS('Pipeline Tracker'!F$12:F$111,'Pipeline Tracker'!C$12:C$111,A11,'Pipeline Tracker'!D$12:D$111,"Closed-Won") | D11: =IFERROR(C11/SUMIF('Pipeline Tracker'!C$12:C$111,A11,'Pipeline Tracker'!F$12:F$111),0) | E11: =IFERROR(RANK(C11,C$5:C$12,0),"")
A12: Tyler Brooks | B12: =COUNTIF('Pipeline Tracker'!C$12:C$111,A12) | C12: =SUMIFS('Pipeline Tracker'!F$12:F$111,'Pipeline Tracker'!C$12:C$111,A12,'Pipeline Tracker'!D$12:D$111,"Closed-Won") | D12: =IFERROR(C12/SUMIF('Pipeline Tracker'!C$12:C$111,A12,'Pipeline Tracker'!F$12:F$111),0) | E12: =IFERROR(RANK(C12,C$5:C$12,0),"")
